iter	Accuracy	Logloss
0	0.9706401115	0.5293665611
1	0.9706401115	0.4170075299
2	0.9706401115	0.3328458567
3	0.9706401115	0.2764660641
4	0.9706401115	0.2369728798
5	0.9706401115	0.2076470752
6	0.9706401115	0.1811812478
7	0.9706401115	0.1655554846
8	0.9706401115	0.152220857
9	0.9706401115	0.1417030079
10	0.9706401115	0.132955795
11	0.9706401115	0.1283770323
12	0.9706401115	0.124794578
13	0.9712509179	0.1211075616
14	0.9712577809	0.1173253354
15	0.9712509179	0.1150410432
16	0.9712783699	0.112739649
17	0.9712783699	0.1108205912
18	0.9713264109	0.1100264617
19	0.9712783699	0.1076545481
20	0.9713538628	0.1067706926
21	0.9713607258	0.1057031794
22	0.9713675888	0.1051470924
23	0.9713607258	0.1042531802
24	0.9714224928	0.1039727557
25	0.9714224928	0.1025001955
26	0.9714224928	0.1015338465
27	0.9714224928	0.101043455
28	0.9713538628	0.09991088098
29	0.9713538628	0.09910966775
30	0.9713538628	0.09864740262
31	0.9714224928	0.09781840359
32	0.9714224928	0.0974849906
33	0.9714156298	0.09642927357
34	0.9714224928	0.09557613334
35	0.9714224928	0.09520793204
36	0.9714224928	0.09468070221
37	0.9714224928	0.09381216093
38	0.9714224928	0.09324193709
39	0.9714224928	0.09245897406
40	0.9714224928	0.09213548673
41	0.9714224928	0.09165760952
42	0.9714430818	0.09097329825
43	0.9715048487	0.09073763991
44	0.9715117117	0.09026600419
45	0.9715323007	0.08978433053
46	0.9715528897	0.08916842579
47	0.9715940676	0.08890364933
48	0.9716215196	0.08853746825
49	0.9716352456	0.08808437651
50	0.9716489716	0.08792109193
51	0.9716764236	0.08765811758
52	0.9716695606	0.08710643545
53	0.9717587795	0.08652177063
54	0.9717656425	0.08626591881
55	0.9718548614	0.08582451872
56	0.9719372173	0.08532144812
57	0.9720264363	0.08496682249
58	0.9720401622	0.08470493209
59	0.9720950662	0.08437134941
60	0.9722186001	0.08395369983
61	0.972280367	0.08372228683
62	0.972321545	0.08359315719
63	0.9724244899	0.08333290762
64	0.9724588049	0.08311576865
65	0.9724450789	0.08274173778
66	0.9724656679	0.08247856675
67	0.9724931198	0.082171505
68	0.9725411608	0.08202245532
69	0.9725686128	0.08157451049
70	0.9725411608	0.08128646085
71	0.9726441057	0.08102254655
72	0.9727127357	0.08068238813
73	0.9727470506	0.08025738312
74	0.9727539136	0.07975206015
75	0.9728774475	0.07951224821
76	0.9728980365	0.07893500898
77	0.9729254885	0.07844917127
78	0.9729872554	0.07820307675
79	0.9730147074	0.07804090679
80	0.9730284334	0.07771737052
81	0.9730627484	0.0775327615
82	0.9731382413	0.07730032609
83	0.9732411862	0.07703411003
84	0.9733029531	0.07684799543
85	0.9733990351	0.07665865504
86	0.973447076	0.07651147548
87	0.973495117	0.07612562595
88	0.973515706	0.07595350066
89	0.9735362949	0.075567223
90	0.9735362949	0.07537535734
91	0.9735637469	0.07515474083
92	0.9736117879	0.07503921751
93	0.9736461028	0.07484924152
94	0.9736941438	0.07473741955
95	0.9737147328	0.07449466659
96	0.9737353218	0.07398907917
97	0.9737147328	0.07379793575
98	0.9737970887	0.07347373311
99	0.9737902257	0.07315354602
100	0.9738519927	0.07293440245
101	0.9738931706	0.07278659555
102	0.9739892526	0.07265690027
103	0.9740304305	0.07244312969
104	0.9740167045	0.07231136372
105	0.9740304305	0.07218470571
106	0.9740441565	0.07204130424
107	0.9740441565	0.07169310206
108	0.9740853345	0.07138901947
109	0.9741127864	0.07111626773
110	0.9741265124	0.07098704713
111	0.9741196494	0.07078056676
112	0.9741196494	0.07048352196
113	0.9741471014	0.0703058709
114	0.9742431833	0.06997996919
115	0.9742637723	0.06975046801
116	0.9742569093	0.06965941553
117	0.9742912243	0.06953505038
118	0.9743049503	0.06934668842
119	0.9743049503	0.06923500497
120	0.9743118133	0.06906732105
121	0.9742912243	0.06878447047
122	0.9743392652	0.06854997941
123	0.9743804432	0.06845897469
124	0.9744284842	0.06829344355
125	0.9744902511	0.06815784489
126	0.9745382921	0.06789176458
127	0.974675552	0.06765742904
128	0.9747510449	0.06756158011
129	0.9747579079	0.06735902308
130	0.9748265378	0.06711171126
131	0.9748128118	0.06700832482
132	0.9748334008	0.06686358921
133	0.9748471268	0.06662759297
134	0.9748677158	0.06638179474
135	0.9749294827	0.06613647397
136	0.9750255647	0.06589723734
137	0.9750324276	0.06574301276
138	0.9750598796	0.06552518104
139	0.9750667426	0.06533571132
140	0.9750804686	0.06504146533
141	0.9751490985	0.06484953322
142	0.9752245915	0.06471445855
143	0.9752657694	0.06458751026
144	0.9752726324	0.06446830346
145	0.9752657694	0.06433407166
146	0.9753412624	0.06408479707
147	0.9754373443	0.06387730738
148	0.9754442073	0.06371511596
149	0.9755265632	0.06355193755
150	0.9756295081	0.06331934849
151	0.9756912751	0.06316822648
152	0.9757187271	0.06296557102
153	0.975780494	0.06274925163
154	0.97572559	0.06266609176
155	0.975780494	0.06251916951
156	0.975807946	0.06232560374
157	0.9758765759	0.0621429659
158	0.9758903019	0.06206792731
159	0.9759246169	0.06198608082
160	0.9759314799	0.06188130457
161	0.9760206988	0.06175381038
162	0.9760550138	0.06164072243
163	0.9760824657	0.06154056908
164	0.9761305067	0.0614804402
165	0.9762471776	0.06140639784
166	0.9762059996	0.06119416251
167	0.9762265886	0.06113511543
168	0.9762471776	0.06100159697
169	0.9763363965	0.06094466351
170	0.9763844375	0.06086965355
171	0.9764324784	0.06069849531
172	0.9765628753	0.06053763544
173	0.9765628753	0.06039328401
174	0.9765697383	0.06021956893
175	0.9765285603	0.06008753463
176	0.9766177793	0.06003079601
177	0.9766109163	0.05981701218
178	0.9766658202	0.05973535851
179	0.9766726832	0.05961407669
180	0.9767619021	0.05940344775
181	0.9767756281	0.05929519645
182	0.9767687651	0.05915886639
183	0.9768305321	0.05908879647
184	0.976892299	0.0590266784
185	0.976885436	0.05896191114
186	0.976947203	0.05886081629
187	0.976974655	0.05879964018
188	0.9769952439	0.05862091803
189	0.976981518	0.05852547149
190	0.9770089699	0.05840897825
191	0.9770844629	0.05823180426
192	0.9770364219	0.05806953779
193	0.9770432849	0.0579793085
194	0.9770981889	0.05791993814
195	0.9771668188	0.05774205261
196	0.9771874078	0.05764610535
197	0.9772354487	0.05749413185
198	0.9772285857	0.05740825945
199	0.9772560377	0.05727359943
200	0.9772972157	0.05704594475
201	0.9773178047	0.05689424555
202	0.9773178047	0.05676487268
203	0.9774619275	0.05660085966
204	0.9774550645	0.05647883255
205	0.9775305575	0.05631824359
206	0.9776403654	0.05619939259
207	0.9777021323	0.05605790013
208	0.9777570363	0.05595511894
209	0.9778119402	0.05584941409
210	0.9778393922	0.05577910499
211	0.9778325292	0.05564370773
212	0.9778462552	0.05558805578
213	0.9778942962	0.05543722075
214	0.9780041041	0.05531978435
215	0.9779903781	0.0552122368
216	0.9780109671	0.05507029879
217	0.978072734	0.05502085302
218	0.9781688159	0.05485897379
219	0.9781894049	0.05481320906
220	0.9782648978	0.05467880696
221	0.9783060758	0.05454416468
222	0.9784021577	0.05438646475
223	0.9784158837	0.05430112359
224	0.9784707877	0.05425357587
225	0.9785256916	0.05419967111
226	0.9785462806	0.05410902254
227	0.9786011846	0.05401859071
228	0.9786286365	0.05391406588
229	0.9786080475	0.05379766224
230	0.9786217735	0.05370560723
231	0.9786904035	0.05366141441
232	0.9787178555	0.05361016781
233	0.9787384444	0.05357019338
234	0.9787453074	0.05342004015
235	0.9788002114	0.05331546021
236	0.9788894303	0.05319862869
237	0.9788825673	0.05311078666
238	0.9789031563	0.05301443378
239	0.9789168823	0.05288049786
240	0.9789237453	0.05284001492
241	0.9789786492	0.05267876208
242	0.9789923752	0.05259598098
243	0.9790266902	0.05254891346
244	0.9790129642	0.05250279615
245	0.9790129642	0.052464104
246	0.9790404162	0.05228169145
247	0.9791159091	0.05224010066
248	0.9791090461	0.05214486711
249	0.979191402	0.05204855278
250	0.979198265	0.05193379094
251	0.9793423879	0.05171576135
252	0.9793492509	0.05159902439
253	0.9793835659	0.05149313123
254	0.9793767029	0.05143577951
255	0.9794178808	0.05137566642
256	0.9794453328	0.05127205088
257	0.9795345517	0.05119749221
258	0.9795757297	0.0509987429
259	0.9796649486	0.05092034947
260	0.9796443596	0.05083584608
261	0.9796924006	0.05078069945
262	0.9797198526	0.05071585047
263	0.9797404416	0.05066450351
264	0.9797541676	0.05062281249
265	0.9798022085	0.05057161983
266	0.9799051534	0.05047188151
267	0.9799326054	0.05038354571
268	0.9799737834	0.05031836576
269	0.9800218243	0.0502617383
270	0.9800561393	0.05023556096
271	0.9801179062	0.05019130016
272	0.9801453582	0.05007384306
273	0.9801865362	0.04997802373
274	0.9802414401	0.04986669551
275	0.9802620291	0.04983273175
276	0.9802757551	0.0497817189
277	0.9802620291	0.0496876752
278	0.9803306591	0.04958635459
279	0.9803306591	0.04948001208
280	0.980399289	0.04938609485
281	0.980406152	0.04929907556
282	0.980440467	0.04916723834
283	0.9804953709	0.04913664291
284	0.9805502749	0.04906622121
285	0.9805708638	0.04897462612
286	0.9805434119	0.0488626549
287	0.9805845898	0.04879788334
288	0.9805914528	0.04876738309
289	0.9806394938	0.04857177103
290	0.9806326308	0.04846930723
291	0.9807355757	0.04838334409
292	0.9807355757	0.04832019292
293	0.9807493017	0.04827681274
294	0.9807767537	0.04819190576
295	0.9807836167	0.04816203883
296	0.9808110686	0.04812749313
297	0.9808453836	0.04805849199
298	0.9809140135	0.04798935486
299	0.9809208765	0.04786163248
300	0.9810032325	0.04779154133
301	0.9810100955	0.04775751073
302	0.9810375474	0.04756803193
303	0.9810649994	0.04750053212
304	0.9810787254	0.04743564224
305	0.9810924514	0.04733471488
306	0.9811199034	0.04728317932
307	0.9811267664	0.04724235161
308	0.9811610813	0.04715061366
309	0.9811953963	0.04712605821
310	0.9812846152	0.04702203586
311	0.9812983412	0.04700021
312	0.9813326562	0.0469734827
313	0.9813738341	0.04690014014
314	0.9814150121	0.04682162143
315	0.9814561901	0.04670354503
316	0.9814493271	0.04662315612
317	0.9814424641	0.04650150148
318	0.9814767791	0.04645592995
319	0.981497368	0.04642633133
320	0.981538546	0.04637385451
321	0.981565998	0.04622702849
322	0.9816071759	0.04614108194
323	0.98159345	0.04610563949
324	0.981600313	0.04597941717
325	0.9816209019	0.04595081544
326	0.9816483539	0.04592063118
327	0.9816826689	0.04585312134
328	0.9817169839	0.04580390588
329	0.9817444358	0.04565604512
330	0.9818473807	0.04555748742
331	0.9818816957	0.04552732917
332	0.9818954217	0.04545681301
333	0.9819091477	0.04541027942
334	0.9819022847	0.04539355416
335	0.9819228737	0.04531714676
336	0.9819777776	0.04529917655
337	0.9819846406	0.04524026214
338	0.9820120926	0.04520072845
339	0.9820532706	0.04511076548
340	0.9820669965	0.04499923458
341	0.9821081745	0.04490378754
342	0.9821493525	0.04483758988
343	0.9821562155	0.04478144855
344	0.9822317084	0.04466435546
345	0.9822866124	0.0445767402
346	0.9823140643	0.04443816494
347	0.9823415163	0.04440571871
348	0.9823621053	0.04438399455
349	0.9823689683	0.04434519201
350	0.9823758313	0.0443110957
351	0.9823895573	0.04427874337
352	0.9824170092	0.04425124753
353	0.9824581872	0.04418078847
354	0.9824444612	0.04413466491
355	0.9824650502	0.04409999211
356	0.9824993652	0.043992081
357	0.9825130912	0.04395114223
358	0.9826297621	0.04387487711
359	0.9826366251	0.04382074018
360	0.9826023101	0.04374300239
361	0.982650351	0.04370925922
362	0.982657214	0.04367420264
363	0.982691529	0.04363553581
364	0.982718981	0.04351042576
365	0.982712118	0.04349090242
366	0.9827876109	0.04342799372
367	0.9827876109	0.04332529432
368	0.9828905558	0.04327065355
369	0.9829248708	0.04317710721
370	0.9829866378	0.04312971323
371	0.9829866378	0.04301040885
372	0.9830346787	0.0429774279
373	0.9830552677	0.04291631427
374	0.9830758567	0.04289159323
375	0.9831101716	0.04285272559
376	0.9830895827	0.04280250468
377	0.9831238976	0.04274662242
378	0.9831101716	0.04267441029
379	0.9831101716	0.04261871949
380	0.9831376236	0.04256273204
381	0.9831582126	0.04246456678
382	0.9831238976	0.0424381381
383	0.9832131166	0.04233249936
384	0.9832337055	0.04229548209
385	0.9832131166	0.04224416132
386	0.9832131166	0.04215420735
387	0.9832337055	0.04213547515
388	0.9832954725	0.04208380709
389	0.9833503764	0.04205393162
390	0.9834052804	0.04203249856
391	0.9834190064	0.04194650184
392	0.9834807733	0.0418790224
393	0.9835150883	0.04184497947
394	0.9835288143	0.04174091168
395	0.9835768552	0.04167335693
396	0.9835974442	0.04160604988
397	0.9835905812	0.0415645095
398	0.9835974442	0.04153038336
399	0.9836729372	0.041487542
400	0.9836866631	0.04143049442
401	0.9837141151	0.04136920334
402	0.9837209781	0.04134555564
403	0.9837278411	0.0413125022
404	0.9837827451	0.04118151735
405	0.983830786	0.04110012264
406	0.983837649	0.04106245504
407	0.983858238	0.04097933853
408	0.983823923	0.04090945314
409	0.983844512	0.04086008108
410	0.983830786	0.04083243998
411	0.983844512	0.04076434154
412	0.983899416	0.04066629307
413	0.983892553	0.04060036297
414	0.983899416	0.04058531183
415	0.9839268679	0.04051625772
416	0.9839954979	0.04043137329
417	0.9840366758	0.04038884169
418	0.9840504018	0.04030442698
419	0.9840778538	0.04025927156
420	0.9841327578	0.04019340701
421	0.9842013877	0.04010770827
422	0.9842288397	0.0400802948
423	0.9842288397	0.03997880176
424	0.9842494287	0.03994952975
425	0.9842768806	0.0398552244
426	0.9842700176	0.03978889855
427	0.9842906066	0.03976537527
428	0.9843660996	0.03968278145
429	0.9844210035	0.03959807204
430	0.9844072775	0.0395708544
431	0.9844072775	0.03955142414
432	0.9844621815	0.0394760089
433	0.9844896334	0.03945201553
434	0.9845308114	0.03939938381
435	0.9845651264	0.03932810488
436	0.9845719894	0.03927597121
437	0.9845925784	0.03924417928
438	0.9846063043	0.03923184835
439	0.9846337563	0.03918253059
440	0.9846612083	0.03912327462
441	0.9846612083	0.03908453279
442	0.9846955233	0.03901146073
443	0.9847161123	0.03900046082
444	0.9847572902	0.03893005695
445	0.9848121942	0.03886531158
446	0.9848053312	0.03883137043
447	0.9847916052	0.03878467818
448	0.9847916052	0.03876864711
449	0.9848259202	0.03871690547
450	0.9848396461	0.03868226735
451	0.9848670981	0.03861230035
452	0.9849220021	0.03855941163
453	0.9849288651	0.03852403347
454	0.9849288651	0.03851541444
455	0.9849288651	0.03843562748
456	0.9849425911	0.03841322248
457	0.98496318	0.03835924879
458	0.984976906	0.03827888721
459	0.985004358	0.03824763899
460	0.985011221	0.03824077163
461	0.985011221	0.03821508864
462	0.984949454	0.03814870032
463	0.984949454	0.03811534751
464	0.984970043	0.03804782044
465	0.984997495	0.03801256662
466	0.9850661249	0.03793880757
467	0.9851073029	0.03791446595
468	0.9851073029	0.03787938188
469	0.9851278919	0.03783924481
470	0.9851210289	0.03777868874
471	0.9851347549	0.03776342183
472	0.9851965218	0.0377187679
473	0.9852308368	0.03766841494
474	0.9852308368	0.03760700677
475	0.9852788778	0.03757737902
476	0.9852720148	0.0375473238
477	0.9853063297	0.03749003211
478	0.9853406447	0.03744998494
479	0.9853955487	0.03741746722
480	0.9854298636	0.03738876939
481	0.9854641786	0.03733892306
482	0.9854161376	0.03726653552
483	0.9854367266	0.03724828612
484	0.9854984936	0.03714622303
485	0.9855190826	0.03710614927
486	0.9855190826	0.037046181
487	0.9855739865	0.03700293659
488	0.9856083015	0.03696603565
489	0.9856288905	0.03694109754
490	0.9856494794	0.03691958927
491	0.9856494794	0.03689907141
492	0.9857112464	0.03684273686
493	0.9857386984	0.0367942973
494	0.9857661503	0.03673876855
495	0.9857730133	0.03673012897
496	0.9858004653	0.03670365259
497	0.9858690953	0.0366205218
498	0.9858553693	0.03657946249
499	0.9858690953	0.03650793827
500	0.9858347803	0.03646354988
501	0.9859308622	0.03640112245
502	0.9859377252	0.03636265924
503	0.9859445882	0.03634875265
504	0.9859583142	0.0363330169
505	0.9859583142	0.03629663376
506	0.9860406701	0.03624848913
507	0.9860612591	0.03621547021
508	0.9860818481	0.03619705832
509	0.9860475331	0.03614358806
510	0.9860612591	0.03613066534
511	0.9860887111	0.03606681467
512	0.9860955741	0.03601835756
513	0.986136752	0.03598615661
514	0.986143615	0.0359740864
515	0.986171067	0.03595013729
516	0.986184793	0.03593260187
517	0.986198519	0.03592294513
518	0.986205382	0.03590624206
519	0.9862191079	0.03585947114
520	0.9862808749	0.03582898746
521	0.9862465599	0.03579788406
522	0.9862671489	0.03577643997
523	0.9862602859	0.03575308645
524	0.9862671489	0.03573777323
525	0.9862877379	0.03570335551
526	0.9862946009	0.03567424379
527	0.9862808749	0.03562848624
528	0.9863289159	0.03557423383
529	0.9863495048	0.03550670963
530	0.9863495048	0.03546064414
531	0.9864181348	0.0353956374
532	0.9864318608	0.03537914793
533	0.9864318608	0.03536637534
534	0.9864112718	0.03535240088
535	0.9864318608	0.03534568815
536	0.9864455868	0.03531076412
537	0.9864730387	0.0352837153
538	0.9865004907	0.0352508035
539	0.9864730387	0.03520436827
540	0.9864593127	0.03518872612
541	0.9865004907	0.03516275115
542	0.9865210797	0.03511213779
543	0.9865622577	0.03508321025
544	0.9865691206	0.03506360183
545	0.9866102986	0.03502268452
546	0.9866102986	0.03495045108
547	0.9866308876	0.03493136518
548	0.9866377506	0.03489329056
549	0.9866857915	0.03487907441
550	0.9866583396	0.03486125998
551	0.9866995175	0.03479514264
552	0.9867063805	0.0347849111
553	0.9867132435	0.03476112436
554	0.9867406955	0.03474270366
555	0.9867269695	0.0346891538
556	0.9867132435	0.03465276369
557	0.9866995175	0.03459560888
558	0.9866995175	0.03454323586
559	0.9866926545	0.03451124696
560	0.9866720656	0.03445906253
561	0.9866995175	0.03440669268
562	0.9867269695	0.03436880199
563	0.9867955994	0.03432208542
564	0.9868093254	0.03429873553
565	0.9868161884	0.03426691859
566	0.9868024624	0.03419648739
567	0.9867955994	0.0341524118
568	0.9868024624	0.03409654949
569	0.9868024624	0.0340737839
570	0.9868710924	0.03401699841
571	0.9868848184	0.03400113439
572	0.9868985444	0.03395254787
573	0.9869259963	0.03392025958
574	0.9869603113	0.03387569098
575	0.9869809003	0.0338624359
576	0.9869809003	0.03383078462
577	0.9870220783	0.03377703824
578	0.9870220783	0.03375670395
579	0.9870358042	0.03371019388
580	0.9871250232	0.03365947571
581	0.9871593381	0.03362391611
582	0.9872279681	0.03358443083
583	0.9872073791	0.0335282786
584	0.98725542	0.03351507732
585	0.98732405	0.03347224638
586	0.987344639	0.03344029471
587	0.987358365	0.03339340743
588	0.987365228	0.03335628005
589	0.9874269949	0.03330705621
590	0.9874475839	0.03324800574
591	0.9875024878	0.03320241799
592	0.9875162138	0.03316069258
593	0.9875368028	0.03314560316
594	0.9875436658	0.03312243298
595	0.9875573918	0.03307239176
596	0.9875642548	0.03304750275
597	0.9875917068	0.03303829707
598	0.9876054327	0.03298261857
599	0.9876466107	0.03293469659
600	0.9876603367	0.03288561795
601	0.9876877887	0.03287651373
602	0.9876809257	0.03285293381
603	0.9877221036	0.03280204777
604	0.9877289666	0.03277650971
605	0.9877152407	0.0327165445
606	0.9877358296	0.03267538619
607	0.9877770076	0.03265231611
608	0.9877358296	0.03262143782
609	0.9877495556	0.03252966235
610	0.9877975966	0.03247241513
611	0.9878181856	0.03241696767
612	0.9878113226	0.03237254796
613	0.9878250486	0.03232780101
614	0.9878181856	0.03227988166
615	0.9878662265	0.03225093796
616	0.9878525005	0.03222990174
617	0.9879005415	0.0321861484
618	0.9879348565	0.03217701116
619	0.9879485824	0.03214647889
620	0.9880240754	0.03210140672
621	0.9880515274	0.03208897666
622	0.9880995683	0.03204113066
623	0.9880927053	0.03202147913
624	0.9881956502	0.03197015857
625	0.9882231022	0.03195398595
626	0.9882299652	0.03192987078
627	0.9882436912	0.03187806275
628	0.9882162392	0.0318354571
629	0.9882574172	0.03178795441
630	0.9882436912	0.03176588184
631	0.9882642802	0.03174063522
632	0.9882848692	0.03171556871
633	0.9883329101	0.03168400707
634	0.9883191841	0.03166250157
635	0.9883123211	0.03164156899
636	0.9883603621	0.03159849286
637	0.9883672251	0.03158482349
638	0.988408403	0.03153235378
639	0.988415266	0.03151471635
640	0.988415266	0.03149041731
641	0.988422129	0.03145481815
642	0.988435855	0.03138863242
643	0.988415266	0.03137030964
644	0.988428992	0.03134795615
645	0.988435855	0.03133444576
646	0.98847017	0.03130271559
647	0.988511348	0.03126722793
648	0.9885250739	0.03122469371
649	0.9885319369	0.03120128145
650	0.9885456629	0.03117783904
651	0.9885799779	0.03116084705
652	0.988518211	0.03111544106
653	0.9885799779	0.03105639299
654	0.9885937039	0.03104260486
655	0.9886280189	0.03102290858
656	0.9886280189	0.03101283423
657	0.9886486078	0.03100038192
658	0.9886280189	0.03096727003
659	0.9886348819	0.03094228499
660	0.9886829228	0.03091880406
661	0.9887103748	0.03090496044
662	0.9887035118	0.03087591215
663	0.9887035118	0.03084127485
664	0.9887035118	0.03082320107
665	0.9887927307	0.03077124978
666	0.9887927307	0.03075427612
667	0.9887790047	0.03073249574
668	0.9888064567	0.03066686263
669	0.9887858677	0.03063855859
670	0.9888064567	0.03060680888
671	0.9888339087	0.03055516589
672	0.9888956756	0.03052609225
673	0.9889299906	0.03050418329
674	0.9889848946	0.03046572964
675	0.9889780316	0.03044805886
676	0.9889917575	0.03041178937
677	0.9889917575	0.03037020789
678	0.9890466615	0.03034965054
679	0.9891084284	0.0303105913
680	0.9891221544	0.03029232041
681	0.9891427434	0.03027989804
682	0.9891358804	0.03027395407
683	0.9892182363	0.03021157142
684	0.9891976474	0.03018010285
685	0.9891839214	0.03015044272
686	0.9891701954	0.0301178556
687	0.9891976474	0.03008737888
688	0.9892319623	0.03005478255
689	0.9892456883	0.03001678357
690	0.9892662773	0.02998763516
691	0.9893143183	0.02995450951
692	0.9893349072	0.02993792214
693	0.9893005923	0.02990570016
694	0.9893349072	0.02987796536
695	0.9893554962	0.02983918069
696	0.9893623592	0.02981004632
697	0.9893898112	0.02978040735
698	0.9894172632	0.02973804501
699	0.9894378522	0.02972474297
700	0.9894447152	0.029712773
701	0.9894858931	0.02968924527
702	0.9894790301	0.02967197689
703	0.9894721671	0.02966834321
704	0.9895270711	0.02963726191
705	0.9895339341	0.02961727617
706	0.9895613861	0.02959061911
707	0.989568249	0.02958097366
708	0.9895613861	0.02956287037
709	0.9895545231	0.02954350651
710	0.989630016	0.02951144389
711	0.989650605	0.02949766978
712	0.989650605	0.02948040732
713	0.989671194	0.02946699635
714	0.989657468	0.02944966717
715	0.9896780569	0.02943000097
716	0.9896986459	0.02941402104
717	0.9897123719	0.02940134567
718	0.9896917829	0.02939352052
719	0.9897123719	0.02936057652
720	0.9897123719	0.02932465061
721	0.9897329609	0.02929625755
722	0.9897329609	0.0292814941
723	0.9897329609	0.02925652118
724	0.9897672759	0.0292084834
725	0.9897878649	0.02917966507
726	0.9898084538	0.02916163934
727	0.9898290428	0.02914159062
728	0.9898359058	0.02912063249
729	0.9898496318	0.02909549997
730	0.9898976728	0.02905216917
731	0.9899251247	0.02902042511
732	0.9899525767	0.02896951721
733	0.9899594397	0.02893725678
734	0.9899731657	0.02889024587
735	0.9900212067	0.02885260288
736	0.9900349326	0.02883304537
737	0.9900623846	0.02881893607
738	0.9900623846	0.02880060919
739	0.9900623846	0.02878074934
740	0.9900761106	0.02875689487
741	0.9900829736	0.02872270824
742	0.9900898366	0.0286616888
743	0.9901447405	0.02863329532
744	0.9901104256	0.02860095927
745	0.9901241516	0.02858316739
746	0.9901378776	0.02856589184
747	0.9901721925	0.02854233183
748	0.9901721925	0.02850807765
749	0.9901584665	0.02849717006
750	0.9901790555	0.02848975093
751	0.9901859185	0.02846641103
752	0.9901996445	0.02845308702
753	0.9902270965	0.02844212321
754	0.9902408225	0.02842975963
755	0.9902476855	0.02840683367
756	0.9902682744	0.02838511637
757	0.9902682744	0.02833893423
758	0.9902682744	0.02831727894
759	0.9903094524	0.02826912211
760	0.9903300414	0.02824906483
761	0.9903163154	0.02823270122
762	0.9903369044	0.02821524282
763	0.9903231784	0.02820732308
764	0.9903780823	0.02817376696
765	0.9904261233	0.02813051748
766	0.9904261233	0.02812331359
767	0.9904055343	0.02809247221
768	0.9904055343	0.02808202536
769	0.9904055343	0.02807529763
770	0.9904055343	0.02806048328
771	0.9904878902	0.02801888969
772	0.9905016162	0.02800773444
773	0.9905016162	0.02799952458
774	0.9905427942	0.02796079942
775	0.9905427942	0.0279410421
776	0.9905565202	0.02789980429
777	0.9905496572	0.0278974911
778	0.9905496572	0.02787885497
779	0.9905427942	0.02786804219
780	0.9905839722	0.02782970742
781	0.9906320131	0.02780888647
782	0.9906388761	0.02779015936
783	0.9906457391	0.02777864667
784	0.9906526021	0.02777221717
785	0.9906937801	0.02774142857
786	0.9907075061	0.02772506676
787	0.990728095	0.02769188483
788	0.9906869171	0.02765507651
789	0.9907143691	0.0276317733
790	0.9906937801	0.02759933221
791	0.9907075061	0.02755761538
792	0.9907143691	0.02755026606
793	0.9907143691	0.027535802
794	0.9907143691	0.02752207819
795	0.990748684	0.02747658882
796	0.990769273	0.02744584202
797	0.990810451	0.02740524751
798	0.990803588	0.02738485626
799	0.990817314	0.02736329656
800	0.990803588	0.02734632731
801	0.990817314	0.02729598817
802	0.9908379029	0.02725758074
803	0.9908996699	0.02720966535
804	0.9909202589	0.02720382533
805	0.9909065329	0.02718777897
806	0.9909682998	0.0271604346
807	0.9909408479	0.02712687187
808	0.9909408479	0.02710815972
809	0.9909614368	0.02708498047
810	0.9909820258	0.02707496712
811	0.9909820258	0.02704891108
812	0.9910094778	0.02703360377
813	0.9910300668	0.02700034345
814	0.9910781077	0.02695974761
815	0.9910849707	0.0269319236
816	0.9910849707	0.02691338436
817	0.9910986967	0.02688403977
818	0.9911192857	0.02686213345
819	0.9911192857	0.02685402751
820	0.9911604637	0.02681780646
821	0.9911330117	0.02680779087
822	0.9912222306	0.02678341436
823	0.9912290936	0.02675961546
824	0.9912290936	0.02673772224
825	0.9912290936	0.02671522178
826	0.9912565456	0.02668004094
827	0.9912702716	0.02666558403
828	0.9912771346	0.02664416246
829	0.9912908606	0.02662857672
830	0.9912908606	0.02661664206
831	0.9912977235	0.02661138726
832	0.9913389015	0.02657761509
833	0.9913594905	0.02654974836
834	0.9913732165	0.02653158695
835	0.9913869425	0.02652316153
836	0.9913869425	0.02649886192
837	0.9913800795	0.02645651382
838	0.9914143944	0.02642218768
839	0.9914143944	0.02640650413
840	0.9914075314	0.02639266972
841	0.9914143944	0.02638360013
842	0.9914349834	0.0263478636
843	0.9914555724	0.0263290889
844	0.9914692984	0.02631992395
845	0.9914692984	0.02629386464
846	0.9914692984	0.02628472175
847	0.9914967504	0.02627327293
848	0.9914830244	0.0262584886
849	0.9914624354	0.02625320851
850	0.9914692984	0.02624302522
851	0.9914830244	0.02623611476
852	0.9914830244	0.02621790253
853	0.9914830244	0.02619989571
854	0.9915036134	0.02618365688
855	0.9914761614	0.02617380237
856	0.9914830244	0.0261352296
857	0.9914624354	0.02610561757
858	0.9914830244	0.02609737487
859	0.9915104764	0.02607191769
860	0.9914967504	0.02605688627
861	0.9915104764	0.02604797438
862	0.9915242023	0.02602705946
863	0.9915516543	0.02599161093
864	0.9915859693	0.02595762805
865	0.9915859693	0.02593331799
866	0.9915791063	0.02591036067
867	0.9915722433	0.02590059195
868	0.9915859693	0.02587615937
869	0.9916202843	0.02584424632
870	0.9916202843	0.02582794585
871	0.9916340103	0.02581923788
872	0.9916751882	0.02578763987
873	0.9916477362	0.02578027106
874	0.9916477362	0.02577462504
875	0.9916477362	0.02577119413
876	0.9916614622	0.02575790134
877	0.9917095032	0.02571984986
878	0.9917026402	0.02571211829
879	0.9917369552	0.02568438666
880	0.9917300922	0.02566226364
881	0.9917300922	0.02565184921
882	0.9917232292	0.0256310578
883	0.9917712701	0.02560321851
884	0.9917644071	0.02559690542
885	0.9917849961	0.02558328817
886	0.9918055851	0.02556772292
887	0.9917918591	0.02556318229
888	0.9917987221	0.02553895014
889	0.9918055851	0.02553694781
890	0.9918261741	0.02552428582
891	0.9918193111	0.02550524226
892	0.9918536261	0.02547583402
893	0.991881078	0.02545032658
894	0.991922256	0.02541922806
895	0.991901667	0.02539723106
896	0.991915393	0.02537760686
897	0.991970297	0.02534921983
898	0.9919840229	0.02531313202
899	0.9919840229	0.02528522018
900	0.9919977489	0.02526106177
901	0.9920046119	0.02524419434
902	0.9920046119	0.02523727739
903	0.9920183379	0.02522293567
904	0.9920183379	0.02520675549
905	0.9920389269	0.02517920124
906	0.9920595159	0.02514942578
907	0.9920732419	0.02513673139
908	0.9921006938	0.02510679652
909	0.9921075568	0.02507653687
910	0.9921144198	0.02506304791
911	0.9921350088	0.02502381536
912	0.9921350088	0.02501771637
913	0.9921830498	0.02497129835
914	0.9922448167	0.02492209323
915	0.9922585427	0.02489125229
916	0.9922791317	0.02485673295
917	0.9922791317	0.02484546829
918	0.9922585427	0.02482765718
919	0.9922585427	0.0248026054
920	0.9922585427	0.02478540145
921	0.9922722687	0.02477476897
922	0.9922722687	0.02476496954
923	0.9923134467	0.02472928818
924	0.9923065837	0.02471338051
925	0.9923340356	0.02468474704
926	0.9923271727	0.02465252414
927	0.9923408986	0.02462382573
928	0.9923546246	0.02461005267
929	0.9923477616	0.02459694897
930	0.9923340356	0.02458737775
931	0.9923408986	0.02456635781
932	0.9923683506	0.02455927707
933	0.9923614876	0.02453163651
934	0.9923683506	0.0245054374
935	0.9924026656	0.02447938811
936	0.9924026656	0.02447690049
937	0.9923958026	0.02446894036
938	0.9923820766	0.02445312552
939	0.9923889396	0.02444219784
940	0.9923958026	0.02443182151
941	0.9924301176	0.02439697087
942	0.9924712955	0.02438244542
943	0.9924712955	0.02438037195
944	0.9924712955	0.02435802974
945	0.9925056105	0.02435074333
